track_id,popularity
00YwP3wJWiG8IxAA7OS9lo,1
014SIjoLDG1Ku19c5FlDYh,3
02jLfqc9gMo8PkHEGHY3OT,1
03mHinvLdrdSTd7w4GPXwH,2
04IUJPcxiUuXih8eJIVzGz,1
04V3hO138BCddFy9TmTUic,1
04VFfRka9MBc5qlRcDuV8T,1
05UkW0aWSlpxcOlT3NtJ1N,1
05lem7bHWxyo98HOwPmils,1
05ztmc9JMq8pYE2GyY72Zd,1
07lspWYhdJtdn6f6e3DiCD,1
086myS9r57YsLbJpU0TgK9,1
0BIpEYy15QaMusucc8H0l7,1
0BhLfxWA4TwGu8bGVKBotN,27
0BkfeemCDp8WmuKVnrwBaN,1
0C6dSPCqwKqwos6s1CrDrh,42
0CMFmZVu2ChSHuGu1tzhjG,1
0DqLuhTD1xI8mb2gY5YoLM,1
0EKqoSFmZW4dqaJvlEJtMe,1
0EQc8pPwPTXxcXPzDjjmEq,1
0FDMH2ahuIVzCybwHJK9zh,1
0IQBwszytBLb7GsRm0GwKz,1
0L0DM33NAe6PjQ1BB4cEjJ,1
0LCNtzhgRDbCpcfMAWL61u,1
0Lt0cohXv3e1BoykniHBOu,1
0NCZVHXx8S4964Fsy5gayQ,1
0OZYXc58HooMgBNWyp6cuO,1
0P2HpJnPusLZ01iBlPG2HR,1
0Pa0xSCRVO8ZIxs29XgBvv,1
0QZdbOtajbimysXPJDkU3H,1
0RTqRMNHselkQSCxbnsGYz,1
0RV56NxeOVdpNxSUarBW22,1
0RiwdaRaTefCfqsmk5AxvD,1
0T5iIrXA4p5GsubkhuBIKV,1
0TaDQnUX1RjbCv3liKFqWP,1
0TdVVky1bm2HnamYfkk8X7,1
0UvMeaPWStJGuXMe89bAoJ,1
0UwRzR2jkEt3Z9Kz0VWMDa,1
0VBe5Wi5e0Gc3BD1MIos0i,1
0VnkKcDfLPPyWTa3xIFWCV,1
0VpcSl7QEqVEiAZLQFW0rm,1
0WQiDwKJclirSYG9v5tayI,1
0X9MmC3La4fWsaceYFHwWK,1
0XoDkl2Q5pKCfjSe7Woxr6,1
0Z5ok0QLLttAKsujOZYOXf,1
0aDYFH1mUp20pLMb7Jkusb,1
0aeeDPnPzocdl2htZwj2eE,1
0aeqKlSGQgi6Dwr87N3LNq,5
0aktpJHZ4Qd3GWUKKvJq8C,1
0bGIiqXgKcQ2zvGc5PVnXc,1
0bT6empnTxGJlNQEvDaGWr,1
0bYsT1b741xstgFwe4WoKp,1
0c9wSzwT33NaUlJNy1z0jh,2
0cZPaB4GUe0mfx1KXr6FBR,1
0cocZBknjka59p58FOdqef,1
0dkvbYmXYEPK7gGMdytmfI,1
0f0gfm6wHjhqrBMHBn9Ajr,1
0fYVliAYKHuPmECRs1pbRf,1
0ganZjtkMwkoRvYQk7te7h,1
0gplL1WMoJ6iYaPgMCL0gX,1
0iZq53rxJMgd4SeGFH86Zo,1
0irTtcKzsy7I8QVdoGWv77,1
0iuRYmJA5Oy6GF3wpibS27,1
0j1oGNwg8VVosfPezkrSni,1
0j2BydmlwcMqffV08hFDyI,1
0j2eKSvuS4psRyb5czaEee,1
0j5pajJcigjdwO4c8ZS19b,1
0jwIgZRcbW2VjYuCbhKnX5,1
0jyk4jjgm4j1gUqMg4Z7Tw,1
0kjhON7m0xrGhhoOaC8OAE,1
0moqpuDhgttCjbCW9eYtNq,1
0ncgj6yTGzZ4GwX2dbXAKE,1
0nlxkDzyZPBFxaFQqoNdYy,1
0pMqxVqhkyRGPeeNqgsLS8,1
0pdKRp2sUthTPe7RLWpPqQ,1
0qJOO0qpBFmR1vXf4rMRuj,1
0qy1xNhQvnRhEpvKxdXYUR,1
0rGKn11s2zrmePIA82ldEP,1
0rwES3EzICSovqZsrZpImi,1
0sBJA2OCEECMs0HsdIQhvR,1
0sRAXMfrDR9eg5jgMyjp6P,1
0tWAGWvw3WWySN5fXfW1jO,1
0tnMpHtgVUrSfMOrtIhhmy,1
0v8tmDMQrTMavluubqAJo4,3
0v9efJ1lA4yhp3P2PLNKqM,1
0vB4Vd6PtkJSEnWsmqATnZ,1
0vgIkHFK8wpogVc1XCi18F,2
0vp47IigZ7JVQ89jDetO7H,1
0vqgm9EiiiF9HubKsWtEyZ,1
0vrubfVLTbMi3GQilZaiOq,1
0xad4yuDkjVlI53EIIkoIW,1
0y1QJc3SJVPKJ1OvFmFqe6,1
0yy3WShigK5eqAmhS4aRwz,1
0z5x3VmmQ7cyTeOP7VAf3T,40
0zcISkfQxGkJHxpziO8fu6,1
10lP5x0csV13P1aZyLYADs,1
11jMqNuaE2vTsBBjESguoL,1
1235OqEAiQvJp7jAmc96dN,1
13J9mjAQNq6vmq0ni3PmCA,1
13W4Zc0dy3tzOzlKyuIsMh,1
13bxvI8AveCg4FOJTCULnb,1
14GkOLSlvq2Q09fFbIgK2u,1
14dJexYlvd3t3XAtD1pYW1,1
15blW8gWnwnu96IVuHnWs2,1
16usJl9JyY13eBN0qj95uC,1
17M1JFSr2eEvo5dQnCIQim,1
17eeKDTWiREsr23gIYahtE,1
18lJtRd5zSqezlKjD5treG,1
18rI489dTiiDiBSWMW0TSu,1
1AdYZ6X00nXmO613Y7GJOl,1
1BrgjqSg9du0lj3TUMLluL,1
1D18MMOF1hNEurbJPv0QCH,1
1DDjP27UEP7avthMjxfOtU,1
1DoK3CdipMjplLk5LXUdcp,1
1Dti4H4XC1IetaCDpI8MU0,1
1EWRXz6c0WPKae8vziEnZi,2
1FGNS493UKaQOSLLy5JBId,1
1FaJAcRI9aJ8dGDdkVUR6s,1
1FonRAk9xtzJZbGCslpaZ9,1
1FuZ8H0Ts3799ZNVN5ZcSZ,1
1GN7Kn9Hr4pOpVVxBL1ZUD,1
1GU90z6vuJ8XtQu0XLzyDH,1
1JmEymqQwLXvCg3sJ7gz0n,1
1Kg1pUYOa3mYdQG9zi7SjV,1
1LBbGzkIDSEc0RQb9LXgce,1
1NiTCVNzyE6Q3ld9Yv8hir,1
1PHqmiRTZnqHZkkR9Zjtvh,1
1PXsUXSM3LF2XNSkmIldPb,1
1PrXSvX8N0SlQNQ4jMrCSb,1
1QbOvACeYanja5pbnJbAmk,1
1QxcWlk8PivolUaWcpAoNq,1
1Qxxs9HPT8cXHZbRH7Ete2,1
1RouRzlg8OKFeqc6LvdxmB,1
1S7hEPenrIVKVTuEjtXKz9,1
1SJkTuUNKe4rYQgX8wmqku,1
1TRnIxwWeJoE6MVimzjw2w,1
1U0WQ4RwkVkKXu3uOY3fdQ,1
1U0r0NTk1REudDGzNICs17,1
1UktZnwuS1reRmRtli8QS9,5
1UwUhKmFxGKs59xiWO60Sx,42
1VIzgYvo4Got947F1EMGIo,1
1VhGRC4yzcDFBM4yQSpUGg,1
1VyiUi0mRnSKgtHa5dBoUd,1
1WhWizm70M63k5UVIHX1Fe,1
1WheyFsHUcBWQ33WNHcZdI,1
1Wt8OoQoQ2DsoPHs0TdOHn,8
1XdOmwUJMLTM4PLfDdGlCF,1
1XtKDLAUMpkP7d5As2tMdo,1
1ZzSy8HeLFZAeuQi577bhB,1
1bOENKlPYEDXyH9kLFUsnj,1
1cKCn6Wf63j9qdUKSVi356,1
1cKtQSJ8pMVErEIJzTYsSe,1
1cw2CLeQlhYbJmSbi2lxxD,1
1dvlY1iYFNgO7SFWRGHB3x,1
1eV81a6H4xDdpi8r2C4tQT,1
1f37bCa9wTI9vEKp21eIrl,1
1fhcMMxjn3Gvin19Akf3Ig,1
1fmoCZ6mtMiqA5GHWPcZz9,1
1gCP90gwbynaN4zaaMQU7L,1
1gQ0W0XKnOUpmcD5Vzs8e7,1
1gWtHDe403RuyZqhvSRcv8,1
1glms9EfGPeDFhBWT3ym7f,1
1jJ893m6WM9aztKtzYmNJY,1
1jdAzKbRRrIQ3fpodftKfj,1
1kBM7AURqQTIXFePNVpEwP,1
1l1ra0gsPlpnDOc4HdkKZU,1
1lYHv3SEkE6wKfZRe0HMOG,1
1m37Hf4mCV6XoGA1AuSfR9,1
1oF3cqTJws6BixRDsyz0HU,1
1peoY67DcWdCsNoOzF9ffU,1
1qkVJlyVaLZbwolRZmc17i,1
1rBJb3j8zvMlwIxmozOE7d,2
1rIKgCH4H52lrvDcz50hS8,1
1rxu8cAylRlZ9OJBxwxnbL,1
1sZyestTGfOxWKRxdVdKuA,1
1smXC6H0O8po3P4bS7MrgC,1
1ufGqwim7RHxVsdaxuLmAY,1
1vNqZdnSaRIMAoVW9oJR2d,1
1vXNHt7Vj7U75R0qV2YrOu,1
1voq70uyXy4i3S1oJP48Hs,1
1wpbmqF1IFW1W1Zut5aquK,1
1xN9kdNDIRmBLqujjYSbrZ,1
1xj7USYBhbTPsZDiy8gVcb,1
1xlXvK3CtEGFttrOPijgCS,1
1yNstWFOG0z4CFkJrusyzP,1
1yZWmKmLfTrFCxHvhFsdoN,1
1zsPaEkglFvxjAhrM8yhpr,1
1zx6GSqLYI2ynzAHnPRKBR,41
20A3kygqTufoVmkgL6Xawr,1
20Mxqxf2u0Q6gNteDiViGm,1
20j7B6mL9gnNvG3ic6Vwh5,1
20vLGVDLfbzdh3vbSpSuj8,1
21NimLGgXhfEbIXsIiPHXy,1
21i5B2i5ZIcofVwjuo9LKG,1
22QdpwlY4mNXPhl2j9RfgD,1
22zahJ5S2aSRrQ10CXTB8I,1
25tFLO2t30VhgAqLrjFMfs,1
25ysC9uw0bpwgcxOhnrwjk,1
26ZzSLUJMmYp5u1hDELEWH,1
26rzkGV7pXYOIr4hUg8Mbb,3
27LtwN20Rvhi6LVmUaaucZ,1
28GCbKgjlVD9eDmasGbe0T,1
28ZQZTC6RVfXEFzpR4YwXB,1
28ewfZ6bTCVCNOFEZ1Q7q8,1
294JL3Xexu3sVRH9tpn60G,1
29A4wZq3zu5SiliT3BbwIR,1
29RKQaclcGpj1stafjGHAZ,1
2B7GMkCUExLpG5lM2ICbXF,1
2Bdbwlnv6npGzYFS20DfF3,1
2BxRxqP6gqHHO0dQzse8pe,1
2Cdvbe2G4hZsnhNMKyGrie,1
2CfNnviw8KsMGGcJ5RtZ61,1
2DOdnZIgqRPq95tDc26Kgm,2
2DnINK9YPAgEpT9hP5cWqc,1
2EPVEQ8ITYjNXmT8FEUoxH,1
2EiVLz6irHr0sYvhiHubCh,1
2FU1YUBRONE4XXTiffe2Bv,1
2GPCE96x9Go6acdDt8ex6p,1
2GtksLOwApBFKXsm4jsw8o,1
2IBMvJqiBJBcbEddTlZZxI,1
2ISSQPb9LHHiV6ng2NXosL,1
2IoSxedPj3lZVul8qUyWZF,1
2K6a1zQRxVh7lvvNf3gSCR,1
2KDh8WCdnPKTQz2lvIL2bv,1
2LawezPeJhN4AWuSB0GtAU,1
2M8hNjSSsRP89aFs3ISIrS,1
2Mw8xQJpIDAgrktDXEqxCs,1
2NV0oNAYgjlN27SeNIo8bL,1
2Ns9vtFyKhGoI0vCFLHQOR,1
2PVA13ykYYHeXKlIsx2Vjk,3
2R3LQndjqKf8CIuPTSiI8p,1
2WyKvnMEF9H8CKHvmAXSm3,1
2XzRnzuIgpZGqco2rMTQbS,1
2YCx4I27GMSixz9IEwGqGP,1
2YVn2wkwLYSVkSV6qgKIPg,1
2YYVPeCDpnCKo7mMnY4T4m,1
2ZFx4terxlW3FNY25kpy71,1
2ZUEopklc3lUm4OXUPB6WS,1
2Zlqc4m6Gv0tSsgDS87LJQ,1
2ZwIO3ufWLFYxtEoam9ydu,1
2aX1zws7bVjTLbS1cYZK2W,1
2arir9Fflyqh00LWlOxaym,1
2ebiTufOHJ3fZZTI43NwKX,1
2einB00Doep8LZImPipb9r,1
2fAMFVfSiadA8FUlQTx1bW,2
2fB4EWHpiADO2Bv2Dzenmi,1
2fywBLXK9GQi8YR8C8d3c4,1
2hnMS47jN0etwvFPzYk11f,1
2hxDGU9k4CTikQm1hOG5vc,1
2i6vQrYVULLekBceqmCNwT,3
2isunnayB7fJUBhTLnbGYi,1
2ivnsOi3RcEbskFvTS9zt3,18
2j7KVMviah3jDLrmtt7sx5,1
2jRISGsO4RTm9CQVb1Jusn,1
2ji53kdnw4UtV6PIt94MLq,1
2jrtlEsTbL8g4aGbOnCyMb,1
2krNOqdPZApb8To7F22h8t,1
2lCsTpkit36cAJ0pSEpzr4,1
2m1hi0nfMR9vdGC8UcrnwU,1
2m9u9utG8EItr05vCBKbYy,1
2mLtn7zqcqalNZSfQZ62ko,1
2mNw979gQkL6Z6mCxgCect,1
2o7xb3qaBMnGicq3T4XEWv,1
2ol1ST9LqK6gR7QOp03exs,1
2pahOrjr32LVOBfrpZIeoY,1
2pfvK4mEji3KYxoJqEwzDV,1
2psZoO64a0RDL0iRYVTq1D,1
2qESE1ZeWly7I3YjyTXmXh,1
2rMpjMvi9zOuyEIqw1BF0N,1
2rZ113Rwo5iwIA2orRpDKI,1
2s3Hr38fRfDRj9JWVP494L,7
2sLvYnCS3S8klPvZGXGic2,1
2sW8fmnISifQTRgnRrQTYW,1
2sZzEKY3DxpY8V87SuYoU2,1
2shdj27ClUe4ETiBQXGLdQ,1
2sscCAOTZOYW5N8MlNKbyQ,1
2stkLJ0JNcXkIRDNF3ld6c,1
2syQ0f4SAQdzvlAewPl1DJ,1
2wBybutNwHICv22FLTjyhh,1
2wSEG8f9WIqyrdlXjdxzGu,1
2xABkRsg3JYfM7JCNg0Mao,1
2xOcbu4PTkikUk7Z8widN1,1
2xcHJ5YpRL7wgSfsBnIktB,1
2xkrujtSjZz7EKAYGbIIzH,1
2zQt5C0AIv27RhfJCRZdZ4,1
2zYzyRzz6pRmhPzyfMEC8s,1
30hKEQLgr25oI91btWLvCi,1
31MZVljIC0y0wUpgafrw8Z,1
324Vv8APc2bHig0lm6wiYC,1
32KpVkEKmO5g0t68o1gq23,1
32kz93hA4ac01juOqcSItF,1
34MW1U9wuBRheRZ28ZlX94,1
35je53nGcUJwuA0sF5lr9u,1
3829oHimRwuUHePcD2Jj7S,1
38DE0yn1UzRWgaLsh0GJGZ,1
3AaGCSpUFAmtB1XGxz5IWk,1
3Ayrd8prgnUYU4ErMgflBV,1
3BGxXQJWeLAEcwNKRFUxYA,1
3BK7JmX1P4GSGx5mdG3aiL,1
3CeuBr3AaQm0Ke4t1W536Q,1
3CmUas41TD2t8EGNZ85J9f,1
3CvfYeaJX8JAT1tF5IzVlG,1
3DwkoCj5vhaKzgdbEpoDIu,2
3EGI5qmVmGlfgy9BmNb1R8,1
3Eo7rOfvXRzGq68b9PVfZE,1
3ExKJt4K8duUfEG49QWzPi,1
3GFQEHBTtwNF30ROf0SwoD,1
3GmVvoNGooqTx3fV2H1rjU,1
3H2cHIeqH79jmFsdiPKRv7,1
3HdJWzA5iMRweXuY98Dyzb,1
3Hvhm0NXjx5mI0OOkPk06E,1
3I72hk46KJ6MFDtNBjJ99P,1
3IgHYw4c6PJ5ZZscM1158w,1
3IgXAJImaSIZ8pBF1z1Ucv,1
3IsElc2ardSjI3qVPHsFwB,1
3L6EOy5OG9JetMXAbEJQu9,1
3LNJXM1TJlksK5WnabNqDg,4
3LU6ONGkC6ckczjHityatd,1
3LaQzvfIetBWdtIV0JoBwF,1
3LpIXpas8lnDrUDqOYyB7u,1
3Lu4WAsmpag6CZSN0H3Wor,1
3MOKBkpsarb0AfAABcLAsn,1
3MZm4t1kRJ2e5JyaYQpjrF,1
3Mk4nxxKHem8rWxdWLC0R6,1
3NIsZEsnGH8fquyngVuomV,1
3NeIv5vFoKByUnjMjMQVEc,1
3NfeXbPEafvsiPtwq5huQX,1
3NgAAoUZPkxL5mpvUI7Rl5,1
3OB8tXG4qxdvs5Y9cZDsMa,1
3P5xhGZ3c9tOmyvpiTAvVn,1
3QoydK0LFOpK0JnfIpCffR,1
3R2gIWAXOAyNXTmfxMITwK,1
3RIocixkIDei7AF3roZIPA,1
3RXAcz7Sa6JDZSxcH1EEQ6,1
3Rn21K5Te3TUM0AcFtisuX,1
3RrBcQlMGFdFtz1JMIHaK1,1
3TNUCQeXAALQrTw7ANSEoB,1
3V33m9n9gtnal5rSwdLjYt,1
3WtsQAngIkmcNeqVeK3fXQ,1
3XDeeP9wBZzGhIPZmLfEEx,1
3XgLyBDVXEl9IcEQl8AL8S,1
3aTJREDBpFWYhR5m4i48jO,1
3bBXlTx0UWIb8tITXofKLQ,1
3bZ71uzfkL02az18Gi1ZdF,1
3cwXKrP3RuQ6vlwvwUMJcZ,1
3dFyht4qagMu8Q2Ewoj9Wg,1
3dwDBE5AMcHLxemIAEp2xb,1
3et3ldx15qAilZa1ErXaS8,1
3gE4eQH3K83Sght0ZLvuBK,1
3i2njMyJOynYaC9o7QS0n7,1
3i9uGfgo9kXoRUNAl3M8Mr,1
3k3NWokhRRkEPhCzPmV8TW,1
3kQhWtoluFHPbcBC6gyYrZ,1
3keynY7XZqJtdRZVnnLRKc,1
3kxkjirben9RVm9NqYa6rm,1
3l1cyMgi27bv1KIP10cqOW,7
3lUOzabhWYyRImRszpJGOU,1
3lYJLJUJiBQQLSGRmrM1jS,1
3myP5D9V78ayZyEb7cUGRw,1
3nA4OeDfh5607uniaoEmTv,1
3nJtKV23cLqdMzurBX49Tq,1
3npxGyRpSmxS7mlN5ndjNS,1
3pvXNqXnuDJgkG1ZDwhQ9E,1
3soQ0e19kGGF6CDyCoZvrt,1
3tgVp3M5fgSNhEUE1iMILQ,1
3uFvywKU5OfmVJTY5rfoa8,1
3vc1sGOGAVxhx8S1kERqyn,1
3wvo6Fh3RBn5t60p3iK16Z,1
3xMQOd1C3TXsjQ3pmzOmkC,1
3yz3yceLHbR6jlyvfxrEBn,1
40o76YIOwDazc0h2QrZhWl,1
42GuKw49pPxNAkIhWGwgFs,39
42Jkqzhm5Y7ab7f1d22GTq,1
4346ts6RdbK3diJWlFX37J,1
434VcYrm3FPRRiW4jw5nLb,1
43ZXaExiD5ExmSpmPK5aQZ,1
43qZK77WZUsK6c2HOvLXzj,1
44SjBW2nkviJexwZssQ1Fi,1
46musX0gdikT9TWkzvs6fC,1
46s77n3x4XZqUhZfIOCax9,1
476V2d6iA2tWXgQboKmTtA,1
48AOncBL3ZkSCJLzEh1OdO,2
48CKzGWOC65n8a8kdANJV8,1
48NmUbjBeqaHbYJwl8xFm4,1
491c4G5XxA8I80zNvR1rLR,1
49MHCPzvMLXhRjDantBMVH,1
4Am7HvT1CHDBH5bIdat8Ll,1
4Apo9nEhy16YNp33UQDKdB,1
4B8ROu7Pp6tbRMzbJQGixj,1
4BL4aEbddW0OGv6fFYYFUt,1
4CYQUeKtH5nAKUfLrePjEL,1
4CwqO0iNCHRA4fATRPs79R,1
4DHDIdeayp8xvlyg22wREO,1
4DqNBM2oUr5R87cUd2E3P6,1
4ElNxglBjcrASiGn58t9Jm,1
4FJFz3htV3dahKGoa2mGzh,1
4GxFCitrF1Fu9qycAv8A3R,1
4HGq8ZzrPOtXxNEXN4XGFu,1
4HMfyF1N7spvVdWuAzyk3C,1
4ISfM2xZuOc9YEtiCqty7Y,1
4KMR0q5skgPUVS1e1IgCJJ,1
4KPi4VNvPOfKqIp1sx19Xf,41
4KROoGIaPaR1pBHPnR3bwC,1
4LTFOJjQt0wSunlfvIuCYe,1
4NHsEHQtUKErl9uXA6Y0nm,1
4NnWuGQujzWUEg0uZokO5M,1
4PwkiQyE09iOcKameCkQAF,1
4QdV0xTf6iPrrtVNf2Gsnm,1
4Rgn0DSa3JAXGlJe8dTLKS,1
4SB6mnmUDaJbB0OiyJ23N9,1
4SbQ9hU0Ve1gT1kAni022P,1
4Tdc5l6RUT5HqGJiKC70bj,1
4U45aEWtQhrm8A5mxPaFZ7,1
4UPhXYKlkMcmGqoEamcABC,1
4UzgLMoTKm0woWLof31Jf3,1
4VEEDnEFLI9dUy5QA51rom,1
4VWlZb7Xiq1Im9Abzhe9fp,1
4VgdhAy0DBSF5hbbKzTEdS,1
4W3kCjcFMvFEW0p4BJfKOx,1
4Y7eqYTpV7fQxpYj1isN2F,1
4YEA9DzQt60W0Q34Dw1O5f,1
4YsKbWkeQD3SoKVhbJ5fPu,1
4ZlHgEGwZb3PCq0OWFbhcO,1
4aWE5S8LTbTBeR1o44ozLu,1
4aqS25F3ywJ9TGnNkOqilC,1
4au7FRcgZzChASRYu279xH,1
4b93D55xv3YCH5mT4p6HPn,1
4blBHK4RMT3qrBeaRpaeJi,1
4co218tAwJM5xQrczWhkZk,1
4d4ZXH4dr5bYfgErHiZCX2,1
4dyx5SzxPPaD8xQIid5Wjj,1
4e6fdJaczDlNjMvNwVMSVD,2
4eO3uE6IJVbT5Xex1DrmbE,1
4ebcE2SmkG7nplvzFAWRu7,1
4gTeTt1IuGrOLaJeRP5wUw,1
4gVwRSCyE40hU3cq8qdkwD,1
4iF2TMFaiJwEHecDNavRU9,1
4iST4hmZvl0qWEgnjSQMIT,1
4isHeZRxdYw7IgGvl8OPwq,1
4k2AjlWruIygEiZyJEy01I,1
4kLIAQN2z1Uh0NvpNgz6jF,1
4kNbUaQeaG8pc2W82ukGyh,1
4lF1ldtLPO4KkXss6TBM5H,1
4m6JdrQrSbSnjYc89qKvEj,1
4m9fRIegA8wUHdBEFUzkaG,1
4mYrbFGkk5u3bnDhTj0jAO,1
4nChyydft5jq1FpXKuXCCM,1
4q3FCy1LpkERlvZ6wTscLe,1
4q6ZHerrtO7gcF67KFX0BF,1
4qJUOnvMJvr3sXpIrY8zJH,1
4ql2jVYt0hD3PFvcsKYVLP,1
4qqfI5oNO53a6W7nWfutKH,1
4r4APlZYwRDLt0m91auppo,1
4sCSUQnWQ6HJsOMjfPicdn,1
4tQeEHoii36QEGOEacAybz,1
4u4EnZpoThBaxVRLMHyVOA,1
4uJnQswt7f4r0tuI37wNFk,1
4v1Mn3RGGbSlCqangJrSnJ,1
4wlPXKxC2oeiYYPldZaR0s,1
4x846NsuIJW6tSxXgL7EWc,1
4xxg28R4JsE5OSyDFlZEmZ,1
4yeNEikDoJHQQhARd7atfR,1
4yqNNPoc2JCqHwp3EDLrXE,1
4zBXE3hymk2qz1LIk9Swph,1
4zS9qMw5JIQBNU2eiVvskr,1
4zciNpj3c6qIfiikaihQnO,1
50jXnyrzW4mcBBqFTMEoAC,1
515BPozxiMm95vvsA6V6En,1
51R9caoQ0l5bZ1ahBeqJq9,1
52VgFTD7QmOmAPJZfxnPVK,1
535yXKG6YMymstdOwlGYS6,1
53XpYnPMm9sDql7MDj97yJ,1
5453frA2hsBPjGRVDHm1PJ,1
54CEXt5kP0lFQTaRXYHXYw,1
54U8KseFLbjpPYfq2DEB7B,1
54pqWohuwelL4bDqYpOwZG,1
54sy1DVLpbmEQ4d3kYsjH8,1
55Fpeuuc2sbQiy74eA1gTt,1
56AWIKxIgIzRAOWh4u3kNE,1
56OLAHwj0Y4wqJFfsf08rD,1
56QI0cHMqOQRBw4jbNFGZD,1
577q8gGSTryRxX1YHWSjWk,1
57UPqpbJiPqtwJVk5VmjhJ,1
582QmuQapDg7uo1jcAKsgN,1
59tBqJGkzbe0pz99EU6MIw,1
5ARrtxJLVCeTv5TWo1oKgC,1
5BeV0OiC4VQ3TG7ZlNHHsz,1
5BrWiBVIvZrhyx6ZKrfp3l,1
5C93WFYiyIBX7rwhEAdHsd,1
5DUOMqtIps27xFZvCxGWSD,1
5DxXgozhkPLgrbKFY91w0c,1
5EKZ2wb7RIk5Q8X1ZegaQX,2
5Eax0qFko2dh7Rl2lYs3bx,1
5ElpusNZMl7iKKmVuxC6EH,1
5FMsd0fQLiSM2IQKRmMAVM,1
5GlPyea0WIbj3PI66a9Dft,1
5H0kIgpWNZm9HF6VkU4dow,1
5H0rkrwdQytofgRjhZe9XF,1
5HNCy40Ni5BZJFw1TKzRsC,1
5HWR5bZ3SBN6zA6zHJS3Y6,1
5Hmg9uA2YvrRSxH5WBD5WU,1
5LXaBBZePqShzKxM6b9RFU,1
5MAK1nd8R6PWnle1Q1WJvh,1
5MN4Z7ZCqfL0XMKsmR3l8o,1
5N5CCm7QFaZaqYlmZOAU0i,1
5OLWhgBWQYUN6llsmYkPGp,1
5OOPYQor9kRh18B73f2Vci,1
5Os2tLxqWCi3FexbWdWDAm,1
5PlTDE2RLbcC9vBzbGAG4y,1
5Q1fqIi57sHMKThqF1gsmO,1
5Q943XYZo0Xvq4qUQebmWC,1
5RhWszHMSKzb7KiXk4Ae0M,1
5UsfWcP6SThHlZ4oAgx7ge,1
5VIZnHRkpfZB9f4KoKomBx,1
5VelPjakTvwPBHjPhl2Igv,1
5W8HXMOMLtXLz0RGKUtnlZ,1
5WNKAbOTfyJA1OVYLa2WI7,1
5WaXrtRow1brEASUZsKgCW,1
5X59Gh7j0so6cDqrFdvDDS,1
5XRNXsQhowtR0AbhaI7kIb,1
5YMoQXGtn0cBUQQZX77NrL,1
5YaskwnGDZFDRipaqzbwQx,1
5ZQUoZUqQ1D7QiSOmtQCoI,1
5b1je14Oz92lpIlIMLieWw,1
5cY5o3LJZpC7K7p4pyAn8n,1
5d9RSSwDvlTyuwfmeafUah,1
5dAMXZx98EA6x3MiqGt2DY,1
5e0cpLRbShZxK2w3LOR5Zb,1
5enNdx4oAh9GK3sXWzpge4,1
5enzKZ2YzoY4LFaamlRhFV,1
5fClRRa7P9nPIpstj50veV,40
5fMy36xPHP4PEgsirxLmma,5
5fWG4JDot8nHCte7gUdMUS,1
5gUxxioIeJdr61AgjVYznI,1
5hZyYFoURxBGBTFDiQMQqV,1
5hljqZrl0h7RcIhUnOPuve,44
5ilKR6ucV43TXQFLoLVpsb,1
5jzma6gCzYtKB1DbEwFZKH,1
5k0xcYedZDXWe48vkgehCc,1
5kNCog1amNsI8z2iD5634p,1
5lkDeLVqRKlrBhHUecobqn,1
5mLllF9AIePVdhExTiNyyr,1
5pcfYLrIw2w5TmmDBkKDkB,1
5qEZvemAAeZ8E9KmyyGaLe,1
5r0x87jwTbkVjA3FQNOykz,1
5sqkarfxe7UejHTlCtHCLS,1
5t22v52YE4S82SVLYUhYSw,1
5tE6O5aR5b7krAkQnPrkYC,1
5vJfgrUz8nwQ1Hbhmkr1zG,1
5wPayKgEqHa0ewZhUS8BSY,1
5wb5EoYiy9Dyec6tdrx8B3,1
5wox6DMRibm9xFZklhWmSZ,1
5x4wjHroFa5k0gUCzpYZAn,1
5xKGdGXYh3LRYTzwVZSb0u,1
5ygEUpyZy5qtZ1423zymBW,41
5zTirec9tIsSVNgBSUmFxU,1
5zWZ9iNevP0397xB3jWV2z,1
62o8KoI44JfN7aYxgTnPvh,1
64NHAxoXRHW7WprPLFM5S2,1
65YXrDsZER1jlPAqFS9GDH,10
65tHfVat89WdgeWoHaPUXU,1
66llZ6MdjJy5q2jWwgJpcW,1
67f867INYgEaahq90kqeKE,1
68wA3be5nyIqyHvukORvqK,1
69Kzq3FMkDwiSFBQzRckFD,1
6A4cQ6n7R5Kws0Gsan7gCF,1
6AkEP2vEcpTRn2ilHVPNsa,1
6BA2JM59JObFjHNvLK2KOg,1
6BO1F7s14ZehAecywx99G6,1
6CV34A2xO8SOZw4RqSSUOe,1
6CW9qtzZpHZ3o39BYlpU0x,1
6D2TCm4nf5nxAcdGJ7w3QP,1
6DCDSMe7pvGeK5J9a9OoIo,1
6EEDuy7cieppsAqgEvCkkL,1
6FxdAycUNPT8gHH5JhG2xI,1
6G2IXaarVeVde7CaMOxvNh,1
6G40wvmUlCrx5KqGFN5H4X,1
6H73ViNxjmJcXWHGX20Vkx,1
6HRU0CPcG0q3Dq8XVBWacL,1
6I7nESv5d9zf9DcEA9I25u,1
6IKFQoaB3qXwybUDKncXml,1
6IhHyxeOqS6LKgP2Lawj55,1
6JUMswocQ7Hp46kj9kyljT,1
6JgHKt0WwdwlXIht6M0mqa,1
6KvptoDIpcEw0wfRKbn5CL,1
6N2dua8p7nL9T67WITwaIY,2
6NJOOWpT5g3Y46G2qtRejH,2
6NdcSEhpGGAYXNnnhGS2s6,1
6O3FZGHypfvAJNsY12MPAJ,1
6OLIEGHsA4WMbedcjY3Ncr,1
6OMBhRhwg6cnWR9ghrTubA,1
6Ok7LQxIDEqKQEFUBNRzpx,1
6P8zr1ghnd78EPhUO8axDm,1
6PAr1wwpxJQhHn2c6wKN4O,1
6PT6nSEatLEKVLOo4asoAr,1
6Pbve0TrBzMtFYxbgxDWBQ,1
6PcEmYKixWJV1kwoOGEv04,1
6Pyb3IExfdj8CSjQeN3455,1
6Q4no26EaF80ttkI9HEWME,1
6RBLcDQvA3VgQ8vHoXoo0v,1
6S2YyQWrTkJG88HJRtgbWu,1
6T0e1wKkONiIZQ1FTjMlGZ,4
6VObnIkLVruX4UVyxWhlqm,1
6VQW8Ye28Crwz90BIexsrF,1
6VR67hW1E1qUevxEAhBm9f,1
6VuztO5yaKP4VjqSkZxpan,1
6VyUWfImAgTrYAnYWonuhM,1
6YNCQ5rhSbhanzCaASZWID,1
6ZOzWPUbMxH24uWHP1k5Eq,1
6aGP0AAF8iLyoGdLRpuVoZ,1
6cARFkZxx2JR3JlvDzeLZc,1
6ciK3ADaV9FuTvMvDwYD6R,2
6dsmAUGQAng00srCMvfd8z,1
6eNbZHgy85Hsw6JGME1j6P,1
6ehaWPjsNSf5HWOXTEFSUi,1
6fbCGwvj2V5JXYFovauhUr,1
6g9qibs8qNFnG1dFPYp48V,1
6geDG6zrcBSqg5AzTFtTlp,1
6gqZzQyJfKqdc9boOILz4x,1
6hNjGPE8S1No2Evu4aPLjL,1
6i1g5ZRmJZAkDwBaUZ3f2i,1
6i9997Q9R4M7RuqQEHq3ed,1
6iWEhoALoBFnQMNVhYY0Sc,1
6iXXwXnXktrdJrGbiBdBvp,1
6jBjT54uoj1ortBRNOKXaj,1
6jmf4OxSGzdgthZruXtcqu,1
6m37YblnnlJ1x7DfTc3Vj0,1
6mPet122yXpp6X8iTiNVo9,12
6nn2kLJSubw6VUIkLIc5JF,1
6oMZhY0f1ReI6AJDDYfuSb,1
6qr0PaTKHYx91UPfMTQxdM,1
6rbkRZKovJISNCd5cZtOMP,1
6sAKc56i3qGXq1Y8fniOnf,1
6tDtuaCX0sIea6o8Qmpyae,5
6tOyGXVcdz0JXWh3o8Sv3c,1
6ty2XoMAhwS2WRevhjQeb3,1
6uoc1lU3r0pkC7lHhpSgTT,1
6vAcoAjqhoJQaMJJZfBxEc,1
6vM3LS50ZghrtkTKBvm2Kd,2
6vmdV1NsKisfobiqyg2kG3,1
6w69nqXMAyHsKmdkt3R8uG,1
6ydqEdlzueCGmQE2oosecr,1
6yf6FF8BxqLqEr87RFY96m,1
6zEgnpM0qYmHLDnh8WPejL,1
6zJob7NjhfptpxyO0SgTyu,1
6zTO2fJwrZAYZGGi1DjD3g,1
6zjFDWbTd9W8BAYUfDOc4B,1
70EAPHQagNqQz3Do73iMh6,1
72I5gb06T9KIESon4AWY8S,1
72R0X0h8YaxYNpegeoOl0M,1
72zHuDxFQTjbL51qJQSA7j,1
73IwHIEhnAPKV5kDDBk4Dd,1
73RyhUtQnXgHB0Ko51EniR,1
73aU3qXvFvncBJUisAMi5C,1
7403W5ylwNjRRUm8aIUNHR,1
74PyndGWYtfs86n60lAsYW,1
75ArcxyPjMr0sleM5WXLn7,1
75KyB8zFgkkfwOWr3wz2y0,1
75fT19n6ZQHr67Mkh86qfD,1
75rmkfnhh0wDPqKITSNTju,1
76c42qNYc0VB5KUXO6lWHH,1
76jqYRytkvCM1ByVYBs3NS,1
78iVPIyFgGjQ0g0TmDWYtQ,1
79GBhyAo9KAuMH3oztkJjb,1
7A7FsIDnBMnz1PAnSOxUdh,3
7CpeDdqQP8iZc7cEC3eaLz,1
7DGiwSAi7JqgndlMXcXTHE,1
7DPhusadsTZ2VrXOGcuX2y,2
7EMxCYKxcJ0tk8t8fBTzCw,1
7Fbjt9MyQqzi1j0TtrlnoE,1
7FjBkz3OJiknpx1jtNkIFs,3
7GXsxXkvOvSN8qyOtidFDQ,1
7JUUnmGyv4qi32A5c60IbR,1
7K96XKPXv0xPKetFRB7Zh6,1
7KEN7S7Tg4BXgghYZcinS9,1
7Kiw2eWnLpXmnKXKxpCcq0,1
7LyHLyC6mKKnSALH9QjWQZ,1
7MB82aWojKYntOXvQUogZM,1
7aeHztFLa7y9oRCmnJiS7U,1
7bJIb0bPGNHq1RqO2ofA8v,1
7cEbICGWeFyBTmijsRtbjr,1
7cS2YS8Q5wJ7ZzqbKLsuFR,1
7cVX0XbrMraZTkYdrUXpaP,1
7cdA1Rzltz10frwA33DcQH,1
7cq2nIdClANqlwH4okuYm3,1
7eR5i0UNKTG57MMLZJpeB6,1
7fLbCGlipM2zblhppk4mFJ,1
7fLmEh9XCD83rrP8XJEL5r,1
7fRvtXvJMpGfTLdF0M09a1,1
7fpym9dJ7HFNgOxk2x8iMb,1
7gu0zaym9C9Kp1va4ZeYXR,1
7hSnUKB7xmb8p7y3GFRz0s,1
7hoE6tBvjppcNyVQEaLoKc,1
7hynhxDoDpgMIV12JuVtNa,1
7iPlYsBxklzdQe4iVQx7DK,1
7k8ACYfxa2aobtxHnBg1vl,1
7lRp0mTu0oAaN3avFuouoQ,1
7lbP23HcKWPfXz5R1dR685,1
7lekmoc4i0EunGhvfqYzPl,1
7m0ZqFw6SHoAvtEccpMOs3,1
7mnKyGfRTHjZo9fYpb9WeX,1
7n6FiTKMPLDZNjvmhVuxSu,1
7nudwi49ZHlgt6AtNNgVnJ,17
7nzeIh8kUdieUBLPXch9wi,1
7oMO1B9CB4ZPYPLeVe32OY,1
7oOEFDLSQscl0uGulnIEmG,1
7rtaBPvxCSw2bKY8miNyLa,1
7rwe8s6fObqAZMRE2B1Tup,1
7sC2sL3Q5cZswDQJfnlfOt,1
7sziTn5nHwrWf4K7gISaaU,1
7szxifMiAXPrK3wOdDpMdd,1
7uCBGNn991AM68fR4tSDco,1
7uo2L5FAja3pWIBa3HJVeC,1
7v8wKvNQQIxkugCFFjrkaO,1
7vcXWUS5ML6dJ3nkvSc9aR,1
7w87IxuO7BDcJ3YUqCyMTT,1
7wEKVEEo4Vmn1qNvL7AZNf,1
7x2rua8HcHsaJV5ib1BQbu,1
7x7i3XBKSM4AoLoPymDuh9,1
7z1uUb32IxZvJ97Fk86igf,2
