,count,mean,std,min,25%,50%,75%,max
Unnamed: 0,114000.0,56999.5,32909.10968105944,0.0,28499.75,56999.5,85499.25,113999.0
popularity,114000.0,33.2385350877193,22.30507849337216,0.0,17.0,35.0,50.0,100.0
duration_ms,114000.0,228029.15311403509,107297.71264491302,0.0,174066.0,212906.0,261506.0,5237295.0
danceability,114000.0,0.5668000657894736,0.17354217360214558,0.0,0.456,0.58,0.695,0.985
energy,114000.0,0.6413827583964913,0.2515290688025413,0.0,0.472,0.685,0.854,1.0
key,114000.0,5.309140350877193,3.5599871245365344,0.0,2.0,5.0,8.0,11.0
loudness,114000.0,-8.258960368421052,5.02933664504159,-49.531,-10.013,-7.004,-5.003,4.532
mode,114000.0,0.6375526315789474,0.48070916422995186,0.0,0.0,1.0,1.0,1.0
speechiness,114000.0,0.08465211228070176,0.10573236443651274,0.0,0.0359,0.0489,0.0845,0.965
acousticness,114000.0,0.31491006248000003,0.332522702305972,0.0,0.0169,0.169,0.598,0.996
instrumentalness,114000.0,0.15604958922122808,0.3095548483854693,0.0,0.0,4.16e-05,0.049,1.0
liveness,114000.0,0.21355283605263156,0.1903776989748307,0.0,0.098,0.132,0.273,1.0
valence,114000.0,0.47406823097368417,0.25926106438351787,0.0,0.26,0.464,0.683,0.995
tempo,114000.0,122.1478372894737,29.978196920075717,0.0,99.21875,122.017,140.071,243.372
time_signature,114000.0,3.9040350877192984,0.4326208483475784,0.0,4.0,4.0,4.0,5.0
